id;descrizione;unita
1;Stronghold;kg
2;Opela;pz
3;Bytecard;kg
4;Tampflex;pz
5;Sonsing;pz
6;Stronghold;kg
7;Regrant;l
8;Quo Lux;kg
9;Daltfresh;l
10;It;pz
11;Veribet;l
12;Hatity;pz
13;Matsoft;pz
14;Treeflex;kg
15;Keylex;kg
16;Fix San;pz
17;Y-find;pz
18;Viva;l
19;Span;kg
20;Kanlam;pz
21;Ventosanzap;pz
22;Tempsoft;pz
23;It;kg
24;Fix San;kg
25;Quo Lux;m
26;Cookley;m
27;Overhold;l
28;Lotstring;kg
29;Rank;l
30;Regrant;l
31;Kanlam;kg
32;Matsoft;kg
33;Namfix;m
34;Lotlux;kg
35;Pannier;kg
36;Ventosanzap;m
37;Bitchip;pz
38;Sonsing;l
39;Veribet;pz
40;Solarbreeze;kg
41;Stronghold;pz
42;Flexidy;m
43;Toughjoyfax;l
44;Opela;kg
45;Veribet;pz
46;Bamity;m
47;Latlux;pz
48;Job;pz
49;Prodder;m
50;Sub-Ex;l
51;Toughjoyfax;l
52;Tres-Zap;pz
53;Cookley;kg
54;Asoka;m
55;Lotstring;m
56;Cardguard;pz
57;Andalax;kg
58;Zoolab;m
59;Trippledex;l
60;Bytecard;pz
61;Alpha;m
62;Flexidy;kg
63;Stim;l
64;Zamit;kg
65;Konklab;m
66;Sonsing;l
67;Cardify;m
68;Holdlamis;m
69;Bitchip;l
70;Greenlam;pz
71;Biodex;m
72;Namfix;m
73;Kanlam;l
74;Tresom;l
75;Biodex;pz
76;Bitchip;m
77;Treeflex;l
78;Konklab;kg
79;Tin;m
80;Trippledex;pz
81;Aerified;l
82;Sonsing;m
83;Bitchip;kg
84;Fix San;l
85;Lotstring;pz
86;Namfix;l
87;Ronstring;pz
88;Fintone;kg
89;Y-Solowarm;pz
90;Kanlam;pz
91;Toughjoyfax;m
92;Subin;l
93;Holdlamis;kg
94;Andalax;m
95;Konklux;pz
96;Quo Lux;l
97;Latlux;l
98;Transcof;l
99;Stronghold;m
100;Lotlux;l
